Country Name,Country Code,2015,2016,2017,2018,2019,2020,2021,2022,2023,2024
Aruba,ABW,2962907263,2983635196,3092429050,3276184358,3395798883,2481857123,2929446578,3279343544,3648573136,
Africa Eastern and Southern,AFE,898308853395,828961170566,973025126474,1012291194268,1009746517725,933407232177,1085604883590,1191638638185,1176909900789,1287676979451
Afghanistan,AFG,19134221645,18116572395,18753456498,18053222687,18799444490,19955929052,14259995441,14497243872,17152234637,
Africa Western and Central,AFW,778022060797,700028171710,694051344215,777840407640,833288902800,797295175502,858114511231,893639944630,814728528754,670025655310
Angola,AGO,90496420507,52761617226,73690154991,79450688259,70897962732,48501561204,66505129988,104399746853,84875162197,80396942242
Albania,ALB,11470171827,11988668785,13258268436,15379508330,15585111614,15241455556,18032009220,19017244117,23547180412,27177735528
Andorra,AND,2789881259,2896610480,3000162081,3218419897,3155149348,2891001149,3324647529,3380612573,3785067332,4039844390
Arab World,ARB,2568631130656,2524102874215,2598475460610,2907329557076,2949355029586,2596422612311,3077906530882,3738584480489,3606002342262,3704768275596
United Arab Emirates,ARE,370275469571,369255326236,390516804030,427049432158,417989721743,349473015330,415178792757,502731935194,514130432648,537078829135
Argentina,ARG,594749285413,557532320663,643628393281,524819892360,447754683615,385740508437,486564085480,632790070063,646075277525,633266692534
Armenia,ARM,10553337518,10546136236,11527458709,12457940695,13619290539,12641698583,13878908629,19513506553,24085749592,25786585950
American Samoa,ASM,673000000,671000000,612000000,639000000,647000000,721000000,750000000,871000000,,
Antigua and Barbuda,ATG,1437485185,1489603704,1534855556,1661529630,1726448148,1411637037,1602125926,1866566667,2005785185,2224814815
Australia,AUS,1351296372254,1206836962282,1325582658157,1427809041019,1392723834563,1328414058378,1556735770437,1690858246994,1728057316696,1752193307380
Austria,AUT,379546097301,393687359770,414926138133,452582294973,442983642372,434397601558,480467037339,471773629830,511685203845,521642466922
Azerbaijan,AZE,53076235355,37866996883,40866627352,47112470052,48174235294,42693000000,54825411765,78807470588,72428470588,74315882353
Burundi,BDI,3104003546,2644487777,2723586963,2667182200,2576518880,2649680261,2775798697,3338722828,2629391600,2162378759
Belgium,BEL,461044767545,474271566740,500908767352,542638913428,536726344405,529694473502,598522422242,593614574326,644655275112,664564181487
Benin,BEN,11388160997,11821065853,12701655837,14262408090,14391686313,15686741894,17687623535,17425405084,19673290996,21482643720
Burkina Faso,BFA,11832159316,12833363045,14106955615,15890066221,16032813503,17725010533,19697516284,18820218691,20324617845,23250214910
Bangladesh,BGD,195146608978,265224515675,293732446625,321362752442,351231654604,373979442362,416271647911,460131689083,437415333018,450119424622
Bulgaria,BGR,50765918159,53929397039,59167647388,66251582036,68634004792,70550652467,84414122840,90509236929,102396840296,112211952704
Bahrain,BHR,32523297872,33884680851,37204813830,39567978723,40446808511,35837632979,40840212766,46458191489,46192260638,47736702128
"Bahamas, The",BHS,11837600000,11880900000,12446900000,12819200000,13277000000,10363200000,12037000000,13896800000,15271300000,15832800000
Bosnia and Herzegovina,BIH,16404348871,17116926328,18326373366,20484053869,20482608755,20226036564,23672712242,24534663636,27592361388,28343394203
Belarus,BLR,56454769845,47723545321,54725405751,60031026576,64410170653,61371673345,69673747132,73775179925,72478760370,75961865472
Belize,BLZ,2193050000,2240200000,2266300000,2293250000,2388300000,2042850000,2420550000,2846700000,3066850000,3515783329
Bermuda,BMU,6654541000,6899911000,7142316000,7225977000,7423465000,6887364000,7290037000,7874381000,8579242000,8980200000
Bolivia,BOL,33000198249,33941126194,37508642171,40287647931,40895322851,36629843806,40406111693,44008282880,45135398003,49668296744
Brazil,BRA,1802212206815,1795693482853,2063514977366,1916933898011,1873288205060,1476107231310,1670647398905,1951923942083,2191131765685,2179412080829
Barbados,BRB,5288057750,5330761500,5517340450,5629916200,5788288000,5168344450,5275242050,6257303500,6720733200,7165000000
Brunei Darussalam,BRN,12930296852,11400266055,12128168047,13566908401,13469235348,12005799664,14006496614,16681536443,15095084686,15463134387
Bhutan,BTN,2187815803,2357504761,2591358009,2583335722,2735683570,2457604334,2768802960,2898227744,3019253885,
Botswana,BWA,13530748845,15082637184,16105155857,17031943186,16725908149,14960251611,18750182235,20321150598,19411266967,19400774882
Central African Republic,CAF,1695825714,1825018145,2072349973,2220979146,2221301351,2326720900,2516498412,2382618615,2555492086,2751544520
Canada,CAN,1556508816217,1527994741907,1649265644244,1725329192783,1743725183673,1655684730000,2022378748423,2190411080134,2173339670064,2241253230970
Central Europe and the Baltics,CEB,1297147579275,1321565597217,1467505238697,1658215183813,1686042070714,1679770251032,1927940096544,1956274288914,2273945434904,2455559190577
Switzerland,CHE,694118186380,687895460903,695200834102,725568717468,721369112727,741999406006,815309330987,828508926958,894424821645,936564198049
Channel Islands,CHI,10109968831,9169278153,9170079923,10026153282,10032440899,9439810769,11157003026,11308300382,12507927160,
Chile,CHL,242450355831,249344863928,276154259981,295857562992,278285058719,254042159309,315325547162,301226575540,335518054098,330267137372
China,CHN,11280814787469,11456024084962,12537559062283,14147765772964,14560167101283,14996414166715,18201698719564,18316765021690,18270356654533,18743803170827
Cote d'Ivoire,CIV,45815005169,48407761037,52512343997,58522477787,60382894697,63027852805,72794636649,70922824824,79618056324,86538413923
Cameroon,CMR,32210233020,33814337044,36098547033,39955552190,39667757528,40773241177,45011937347,44347206073,49279410983,51326764685
"Congo, Dem. Rep.",COD,37917706497,37134801555,38019264795,47568210010,51775829877,48716961860,55328482784,65801547756,67006756666,70749355652
"Congo, Rep.",COG,12434793867,10931328151,11834473039,14773900289,13976637780,11468687464,14825690211,15817030157,15321055818,15719985776
Colombia,COL,293492370193,282720100286,311866875157,334198218098,323031701193,270348342541,318524633225,345632492851,366291836138,418542042920
Comoros,COM,966029599.8,1012835493,1077439756,1188797450,1195019531,1225039196,1299039312,1279542248,1430523436,1546164420
Cabo Verde,CPV,1749857620,1849789986,1996741540,2205099507,2252177124,1821565614,2051842619,2247003344,2539203429,2767599017
Costa Rica,CRI,56441920821,58847019610,60516044657,62420164992,64417670521,62395610760,64960725734,69243626029,86497941439,95350423177
Caribbean small states,CSS,62135017573,57729936371,59541578263,60893234439,61929300628,53180553803,61961705341,78054577760,79470143935,91570798876
Cuba,CUB,87132800000,91370407864,96850649692,100050036096,103427600000,107351800000,,,,
Curacao,CUW,3058779218,3024690168,3033433240,3046364804,3026124116,2534327592,2739594360,3075180835,3281419347,
Cayman Islands,CYM,4708167233,4909322237,5166281305,5530178441,5941896608,5655358021,6060026520,6600843963,7139428558,
Cyprus,CYP,19909278417,21046462281,22946570629,25754001368,26196667100,25555093854,30372642502,30935566077,33886930712,36333022329
Czechia,CZE,189107698562,198160659304,221563575696,251992360762,256794209029,251109660603,290972714482,301831228326,343206568135,345036675975
Germany,DEU,3423568450957,3537784107981,3763092263753,4052008447224,3957208055216,3940142541354,4348297440388,4163596357879,4525703903628,4659929336891
Djibouti,DJI,2424391785,2604955229,2762581334,2913464658,3088851450,3144136197,3392796953,3562814909,3917150481,4086402719
Dominica,DMA,583177777.8,612711111.1,563355555.6,628244444.4,644259259.3,528944444.4,562911111.1,623062963,659311111.1,688881481.5
Denmark,DNK,301758922338,312181849372,331610593962,355293374912,345401473013,355631021932,408378204640,401945576108,407091920305,429457372072
Dominican Republic,DOM,70966782572,75552902636,79070274743,84994732049,89146130745,78546672407,94850719517,113478087135,120456239154,124282245639
Algeria,DZA,187493855609,180763839522,189880896903,194554483656,193459662091,164873415325,186231205262,225638456572,247626161016,263619794507
East Asia & Pacific (excluding high income),EAP,13548910408227,13844122755581,15115625538821,16902106236750,17503362758567,17805361735240,21231549654293,21563623056098,21644107579563,22260874526758
Early-demographic dividend,EAR,10271831724035,10571969587055,11475929617611,11652111473281,11887904124497,11039712538107,12923331307988,14274765147165,15177810163173,16091207060823
East Asia & Pacific,EAS,22220470013500,23005487018717,24563743482149,26749413596914,27322078215458,27474338351594,31548481959791,31135994741903,31279384293040,31882663454357
Europe & Central Asia (excluding high income),ECA,1509371606862,1449055610154,1494762564965,1468176796062,1498314108819,1437141951951,1670340539745,1817993344339,2134737666917,2421839057172
Europe & Central Asia,ECS,20583343138821,20511787410869,21766184431711,23306977599232,23032792622188,22287615625569,25513859723979,25700849227224,27617157896730,29146936906252
Ecuador,ECU,97209558000,97671433000,104467486000,107478961000,107595830000,95865473000,107179074000,116133121000,121147057000,124676074700
"Egypt, Arab Rep.",EGY,329366576819,332441717791,248362771739,262588632527,318678815490,383817841547,424671765456,476747720365,395926075163,389059911004
Euro area,EMU,11828599572757,12124585812258,12839881576244,13868034531053,13587001830079,13266853301192,14918539971043,14452407617090,15787238118091,16406126934436
Eritrea,ERI,,,,,,,,,,
Spain,ESP,1206164777553,1243015667917,1321754088819,1431642809327,1403496387686,1289783836971,1461244901853,1446498147749,1620090734957,1722745978335
Estonia,EST,23311847751,24561027788,27469461919,31222632741,31873748770,31820771494,37204563051,38376046175,41291245222,42764929169
Ethiopia,ETH,64589328551,74296766562,81770885148,84269180857,95912620248,107657732424,111261888669,126772707851,,
European Union,EUU,13655113751883,13990609868692,14870146541628,16092154353715,15809298345792,15505708717749,17498522970845,16996087955140,18602672971722,19423319451330
Fragile and conflict affected situations,FCS,1623577169927,1496419783637,1596331256584,1743486499947,1850715484890,1684325379798,1796817600783,1976548078586,1886483505529,1831822327104
Finland,FIN,233210733506,238777818793,253846138440,273869255596,267014821129,270000311606,294223210496,280253099309,294950618733,299835625551
Fiji,FJI,4682479894,4930213644,5353469174,5581425327,5444407198,4432466220,4305031650,4969503549,5442046553,5840564073
France,FRA,2442483452643,2470407619777,2588868323335,2781576320884,2722793515172,2647926055110,2966433692008,2796302210399,3051831611385,3162079073496
Faroe Islands,FRO,2573905971,2813278869,2980057378,3188600927,3266432734,3271813312,3664686797,3566698398,3907323961,
"Micronesia, Fed. Sts.",FSM,316489900,325000000,359000000,392000000,394000000,372902690,391601947,415956896.5,443916782.3,471425099.5
Gabon,GAB,14383107763,14023890265,14929487485,16867326402,16874405465,15342236164,19444935097,20440655695,20055720403,20867044936
United Kingdom,GBR,2927911140917,2689106566900,2680148052335,2871340347582,2851407164908,2696778386608,3143323050707,3114042471144,3369861888973,3643834188783
Georgia,GEO,15223796149,15444548902,16473125375,17902544881,17638337117,16010869216,18853115589,24984568960,30777833601,33776141251
Ghana,GHA,49436806230,56144179398,60385409435,67259353966,68352629246,70008243860,79514204730,73919003210,80547146878,82825288889
Gibraltar,GIB,,,,,,,,,,
Guinea,GIN,8794201743,8595955222,10324668271,11857030367,13442861496,14088693743,17069115738,19910452542,22407615556,25334307879
"Gambia, The",GMB,1378176609,1484578886,1504909463,1670671328,1813609692,1812170891,2014158842,2204734527,2396111021,2507519958
Guinea-Bissau,GNB,1152384167,1245074264,1469978606,1554133594,1588767976,1683619352,1878659687,1839048748,2077816135,2119865935
Equatorial Guinea,GNQ,13185496881,11240808848,12200913879,13097012134,11364133550,9893816008,12215878033,13687643436,12337550584,12765777677
Greece,GRC,194567373678,193097239006,200381103984,213298873494,207305649887,191362985555,218303801895,218880566444,243498333238,257144811302
Grenada,GRD,997007407.4,1061640741,1125685185,1166514815,1213485185,1043411111,1122800000,1231732104,1323985600,1391435993
Greenland,GRL,2499113023,2707139544,2851613679,3055782146,2997309972,3089625554,3293578468,3152334772,3326544174,
Guatemala,GTM,62186064758,66053403364,71653754107,73328365862,77172317259,77719464221,86455519687,95641441235,104368413483,113199586004
Guam,GUM,5799000000,5901000000,6013000000,6051000000,6355000000,5916000000,6234000000,6910000000,,
Guyana,GUY,4279840194,4482697337,4748174334,4787636998,5173760192,5471256595,8041362110,14718388489,16918503597,24835899826
High income,HIC,49956747461166,50925145050904,53532832551204,56899748048245,57469453150147,56044969561614,62927771341458,65248657227969,68618756866832,71522995943824
"Hong Kong SAR, China",HKG,309385622601,320860317563,341273289534,361731070996,363074545072,344943149590,368954169749,358679533985,381066399066,407106738445
Honduras,HND,20979791685,21717604952,23136247991,24067750760,24882225742,23352232484,28144331507,31426041807,34355805528,37093565854
Heavily indebted poor countries (HIPC),HPC,675124056289,681582492495,732428236460,783851617854,811925263666,820678273819,914476428986,993480176910,1076157234419,1197816907956
Croatia,HRV,51005200670,52654855638,56186190438,61668130123,61467582194,57963370885,69006802299,71198635102,84393795502,92526176109
Haiti,HTI,14849629309,14069277526,15093357161,16403864618,15016090930,14508222518,20877414953,20253551921,19850585722,25224154991
Hungary,HUN,125244126623,128983560865,143335098992,161184691014,164936682034,158468487754,183282685440,177536698165,214022571311,222904723252
IBRD only,IBD,26062219197569,26257498466233,28980670807432,30908093008396,31581844372017,30426310945475,36134729389995,38173342857338,39445795860390,41102217227752
IDA & IBRD total,IBT,28230085120204,28416081615148,31255536982771,33320472281474,34090818723703,32884865747902,38810576219569,41067771533156,42266419240094,43993256154968
IDA total,IDA,2166662253506,2157610760378,2274805721032,2412444537801,2508626747858,2457830370729,2677283166005,2895309495560,2823136614120,2894109836002
IDA blend,IDB,1104879083606,1035753092023,1064742116158,1125300769098,1153206654635,1087140198998,1187113707177,1279359771603,1149351628082,1060004843955
Indonesia,IDN,860854232686,931877364038,1015618744160,1042271532989,1119099871350,1059054842698,1186509691087,1319101183380,1371169301564,1396300098191
IDA only,IDX,1061783169900,1121857668355,1210063604874,1287143768703,1355420093223,1370690171731,1490169458828,1615949723957,1673784986038,1834104992047
Isle of Man,IMN,7084800892,6846377563,6979788334,7491649456,7314967866,6684225641,7931193222,7431257411,,
India,IND,2103588360045,2294796885663,2651474262755,2702929641649,2835606256558,2674851578587,3167270623260,3346107287731,3638489096034,3912686168582
Not classified,INX,,,,,,,,,,
Ireland,IRL,302391428540,305733136181,348532394024,395461216460,407124824065,436555518400,531306516908,548570250342,551394889340,577389475010
"Iran, Islamic Rep.",IRN,409191686497,459042684193,489168731811,398880231367,333519146339,262186179356,383436202447,394362621793,404625655076,436906331672
Iraq,IRQ,166774104959,166743557748,187217660051,227367469034,233636097800,180898797517,209691945713,287372232138,268881051644,279641257615
Iceland,ISL,17517210519,20793168031,24728285177,26260850582,24681343649,21629953194,25770339317,28696453180,31452223862,33462807983
Israel,ISR,303469434072,321940971558,358451839053,376299083108,400645216359,410768352658,489851549972,525181008026,512184638999,540379921262
Italy,ITA,1845428048839,1887111188177,1970720904585,2099435266459,2019606796584,1907481094079,2179207773596,2104067630319,2304605139863,2372774547793
Jamaica,JAM,14188936918,14077096677,14808985133,15730792876,15830766531,13812421836,14657586159,17097760687,19423355367,19930288337
Jordan,JOR,38587017887,39892551127,41608435915,43370860704,44503006338,43700383099,46296100141,48764963380,51088476338,53352289577
Japan,JPN,4444930651964,5003677627544,4930837369151,5040880939325,5117993853017,5054068005376,5039148168861,4262463317797,4213167237906,4026210821147
Kazakhstan,KAZ,184388404706,137278320084,166805788827,179339977690,181667184855,171082365861,197112255361,225496328925,261840101060,288406138231
Kenya,KEN,70120446897,74815144164,82036510877,92202979985,100378436207,100657505751,109703658905,114448978153,108038588971,124498691699
Kyrgyz Republic,KGZ,6678177512,6813095379,7702938379,8271106235,9371275264,8270468614,9249133946,12134931018,15180842369,17478259659
Cambodia,KHM,24174170369,26556545153,29355665910,33145892169,36685356408,34818073901,36790163687,39994532960,42335646896,46352647035
Kiribati,KIR,191559398.7,206467818.5,222875736.3,233514717.4,216985388.3,220897998.7,285259894,270040457,288610732.2,307862546.8
St. Kitts and Nevis,KNA,957222222.2,1006818519,1056977778,1076548148,1107855556,883922222.2,858622222.2,980188888.9,1056751852,1066681481
"Korea, Rep.",KOR,1466038936206,1499679823910,1623074183502,1725373496825,1651422932448,1644312831906,1818432106880,1673916511800,1712792854202,
Kuwait,KWT,114585555831,109406674088,120687539676,138646316322,140856394870,111045470461,148350671614,183502046669,165384407267,160227273001
Latin America & Caribbean (excluding high income),LAC,4577965121207,4438012803117,4951480879885,4807492365803,4739266496719,3984427319011,4629099312242,5325687016147,5997364907507,6146374383733
Lao PDR,LAO,14426380126,15912501723,17071155481,18141641090,18740561513,18981805250,18827148531,15468785204,15843155731,16502933121
Lebanon,LBN,49929337837,51147308774,53027680686,54901519156,51605959131,31712128254,23131941557,20992421949,20078620357,
Liberia,LBR,3227075700,3398419600,3390703400,3422754800,3319596500,3176126300,3513049500,4001047000,4390000000,4750000000
Libya,LBY,48717501321,49912073701,67157452182,76686029772,69254496472,46854285441,35217995647,43246297922,45096462972,46636278902
St. Lucia,LCA,1807640741,1868544444,1998503704,2060955556,2095344444,1499274074,1867185185,2342714815,2430166667,2549062963
Latin America & Caribbean,LCN,5420440781672,5285691145304,5868341566244,5742372094088,5659843769808,4805921371470,5581814290256,6345587523481,7127804705256,7313631690223
Least developed countries: UN classification,LDC,934515239964,949887329006,1039596262297,1107881528995,1168244060712,1179759976007,1288339633534,1445223560465,1455944373212,1574172751665
Low income,LIC,359710118765,316109880600,327200283964,342687284250,356930361600,340851227779,370630013363,427939606203,423723013876,466541517790
Liechtenstein,LIE,6268515276,6237302034,6474308718,6692620692,6436467007,6405870210,7912602342,7378156576,8287748667,
Sri Lanka,LKA,85090301052,88000211172,94369350286,94450015983,88998706297,84335574582,88556698938,74143020263,83716142582,98963185510
Lower middle income,LMC,5098466854472,5312048001895,5751392726256,6004619221945,6308107724477,6110254911277,6921716347321,7377558874200,7530591347605,7857490239272
Low & middle income,LMY,25441228963051,25692480250516,28077899127098,29904746273220,30622477245854,29667488251108,34992770913888,36712853300729,37824423052001,39216943108499
Lesotho,LSO,2359686725,2114426452,2306741672,2556247292,2390702296,2053699870,2412130022,2354980884,2117962430,2271541846
Late-demographic dividend,LTE,18784732096878,18828510013671,20875187048422,22893811867077,23350735596984,22862413053120,27277869480237,28540512833863,28903171309925,29910723278949
Lithuania,LTU,41540954817,42970749245,47756764508,54261795149,55122066226,57412038533,67037321009,71033884500,79789877416,84869215513
Luxembourg,LUX,60071584216,62216885436,65712180343,71085623495,69872035114,73670782100,86386759695,80801680397,87574021092,93197329012
Latvia,LVA,26344565877,27117105060,29391059767,33247935477,33099503951,33379927435,38183326785,38014713596,42572151720,43520773851
"Macao SAR, China",MAC,45048190598,45070808689,50383871121,55190661340,55082293844,25343525936,30969334705,24999113476,45803067940,50183212761
St. Martin (French part),MAF,,,,,652205849.4,,649206156.2,,,
Morocco,MAR,110413823842,111572947005,118540573368,127341147582,128920266409,121353645057,142022058447,130951926351,144417103250,154430996473
Monaco,MCO,6264756528,6471290794,6430254653,7184333936,7383496254,6730736283,8623242743,8800430486,9995350547,
Moldova,MDA,7797667197,7980917076,9514404016,11252353421,11736797055,11530746234,13691869264,14525337524,16711906746,18200340854
Madagascar,MDG,11323020701,11848613858,13176313594,13760033282,14104664679,13051441204,14354731964,15325603273,15869945478,17420814801
Maldives,MDV,4129505319,4409942624,4816426257,5404344163,5726094799,3712604583,5252457370,6177118114,6590894302,6975146349
"Middle East, North Africa, Afghanistan & Pakistan",MEA,3546719057164,3592203183222,3761433694225,4023974471235,3989483215534,3561019804743,4279459402701,4994047685350,4837112081493,5025772564328
Mexico,MEX,1213294467780,1112233497453,1190721475906,1256300182776,1304106203902,1121064767402,1316569466735,1466464899304,1793798859343,1852722885258
Marshall Islands,MHL,183700000,201800000,213700000,220000000,232900000,241800000,258900000,253400000,259300000,280357844.2
Middle income,MIC,25083049368764,25375550658299,27748887095154,29559838322315,30263574824889,29324478257136,34618128912440,36282529025324,37397441616316,38748293620690
North Macedonia,MKD,10064519963,10672467073,11307067070,12683068114,12606338449,12361036914,14000283827,13932436550,15763604288,16685236492
Mali,MLI,15583181170,16743796800,18308362040,20368015381,20477421885,20698560939,22999245263,22374051350,24621545565,26588067731
Malta,MLT,11340795033,12025782885,14161366733,16153779511,16337793531,16409900599,19723563355,19239187084,22210718401,24322006608
Myanmar,MMR,59607290408,63298361996,66053040483,67860515990,75065106228,79006113643,66345291160,62253049892,66757619000,74079772652
"Middle East, North Africa, Afghanistan & Pakistan (excluding high income)",MNA,1780659355969,1829549360447,1857189378336,1864852275838,1819885021238,1649213376516,1915797738871,2132297995336,2039526572153,2153572215660
Montenegro,MNE,4054730078,4376930578,4856599481,5506942238,5542054181,4769996866,5861427505,6229801581,7530593375,8069536126
Mongolia,MNG,11619892591,11181350649,11480847741,13178094720,14206359018,13312981429,15286441738,17146471714,20325121394,23586055802
Northern Mariana Islands,MNP,910000000,1230000000,1560000000,1301000000,1179000000,866000000,914000000,1096000000,,
Mozambique,MOZ,16208985770,12069051237,13264640646,15017358953,15512759047,14235420174,16168055475,18883528581,20954220984,22416650343
Mauritania,MRT,6166863897,6398747592,6800135898,7473550557,7894764886,8260752385,9222536364,9557966698,10651709314,10766731874
Mauritius,MUS,12007291046,12594155464,13713506131,14735695931,14436346980,11408106446,11484348858,12907767790,14101195733,14952555415
Malawi,MWI,9219474379,7909868618,8943543794,9879231592,11051865580,11769313598,12378129751,12429060151,12712150082,11008925323
Malaysia,MYS,301355266965,301256033870,319109094160,358788845713,365177721022,337456163961,373784823673,407605841348,399705137434,421972102254
North America,NAC,19858182357217,20339807652907,21268509960244,22389071169783,23291130648673,23016677094000,25710839785423,28205178461134,29902627912064,31435123430970
Namibia,NAM,11335161084,10722018732,12895153371,13682019076,12541928303,10583748542,12402486184,12569449123,12408271448,13372354269
New Caledonia,NCL,8738203074,8724568955,9174048682,9896402284,9475655325,9454629468,10071349664,9623318718,,
Niger,NER,9683867926,10398861982,11185104252,12837307497,12889555561,13744653103,14915002436,15433852714,16698786973,19537639288
Nigeria,NGA,493026682801,404649125252,375745731053,421739251509,474517490844,432198898468,440833635874,477403400101,363846332835,187759703100
Nicaragua,NIC,12756696261,13286093388,13785893007,13025221974,12699023614,12726422432,14209020362,15634572502,17805842284,19693982968
Netherlands,NLD,775743675303,797163949290,848233537846,929733599797,928903005576,932560861701,1054472123450,1046540797549,1154361305398,1227543925316
Norway,NOR,388159512246,370956547619,401745275035,439788625884,408742840909,367633418887,503367986030,596297651036,482949731777,483727398216
Nepal,NPL,24360801287,24524109484,28971588940,33111525237,34186180699,33433659301,36924841394,41182939601,41047772331,42914268287
Nauru,NRU,84383388.64,97276023.08,108862278.5,130937589.8,124871111.4,124530027.3,175513984.5,152190818.9,151455967.7,160350639.5
New Zealand,NZL,178224167088,189100085275,206745969246,211985631173,213006341102,213029554654,253977931815,249509991440,255194972673,260235932559
OECD members,OED,47637393781321,48561385930399,50713666639143,53633758340295,54181531589082,52999808975237,59193139223745,60744315658542,64803502836723,67687054565878
Oman,OMN,78710793238,75128738622,80856697009,91505851756,88060858257,75909492848,87323797139,109852795839,105895708713,106942782835
Other small states,OSS,121140417940,127726590446,142823050906,157519922450,158082460873,145642308337,171465890506,181571679220,194578375098,205790426260
Pakistan,PAK,299963590535,313630000130,339205534861,356128166705,320909472771,300425609818,348516647445,374890295667,337885531778,373071855732
Panama,PAN,55767806100,59760858700,64327688800,67316471200,69778991200,57059846500,67396392500,76276116700,83318176900,86260400000
Peru,PER,189802976286,191898104390,211007984081,222597009739,228346006004,201409694756,226328766460,246065570308,266958720838,289221969060
Philippines,PHL,306445871242,318627003017,328480736803,346841896587,376823402239,361751145452,394087359848,404353369605,437055627244,461617509782
Palau,PLW,278824800,298323500,285600000,288546300,281941600,258990800,235752900,255591100,281849100,
Papua New Guinea,PNG,21723437010,20758876953,22742699138,24109780708,24750626030,23848447850,26109413521,31653185953,30816367067,32538480024
Poland,POL,480054118583,473259623976,528356723263,594616632477,602683770145,605914186118,689170171187,695607522885,812451128979,914696430325
Pre-demographic dividend,PRE,1313619241165,1170247569850,1222291962820,1362634002287,1435723143391,1318892160079,1447970750254,1658497791360,1527124866811,1426898998277
Puerto Rico (US),PRI,103375500000,104336700000,103445526000,100958100000,105126400000,103130900000,106426600000,113843700000,118375000000,125841500000
"Korea, Dem. People's Rep.",PRK,,,,,,,,,,
Portugal,PRT,199038523120,206305431242,220862990767,242092894543,240115970063,229618773423,256055879091,256898675069,289696962620,308683317393
Paraguay,PRY,36211447840,36089700223,38997129474,40225448341,37925338329,35432178068,39950899939,41952910858,43118053175,44458118400
West Bank and Gaza,PSE,13972400000,15405400000,16128000000,16276600000,17133500000,15531700000,18109000000,19165500000,17847900000,13711100000
Pacific island small states,PSS,9103468778,9548954060,10283449683,10792820189,10712120597,9515415338,9581825674,10328388317,11168877227,11977251414
Post-demographic dividend,PST,44758426403939,45785380106162,47756402426663,50599156664417,51135209515081,50140341964134,55855082520061,57128680173110,60538844740702,63040640005164
French Polynesia,PYF,5325846362,5497036477,5833352693,6135116253,6022276196,5574821989,6150640646,5814661209,6402221222,
Qatar,QAT,161739955577,151732181868,161099122225,183334953819,176371267692,144411363352,179732009560,235709325714,213002809341,217982967033
Romania,ROU,177885131240,185290759249,210147385855,243468683030,251677082534,252033792712,286578196368,296354358293,350775856415,382767571329
Russian Federation,RUS,1363482182198,1276786350881,1574199360089,1657328773461,1693115002708,1493075894362,1829186719575,2291612121335,2071505725031,2173835806672
Rwanda,RWA,8543760206,8695272061,9252833894,9637904519,10349300277,10174386855,11078787095,13316161006,14331722700,14251642231
South Asia,SAS,2414503392484,2679313169378,3075955432872,3159841615195,3318484576527,3172770463749,3717045071833,3930640282535,4210278492153,4514924632400
Saudi Arabia,SAU,693414400000,689279466667,741266133333,886564800000,888890133333,767951200000,982661066667,1239075200000,1218584533333,1237529866667
Sudan,SDN,51726758677,42630376000,41283617976,32333780383,32338079165,27034593750,34229513775,51666875363,39898289821,49909807030
Senegal,SEN,17774766696,19040312333,20996562944,23116701556,23403995992,24530513038,27520784130,27783332223,30696331296,32267254425
Singapore,SGP,307998545269,319646468521,343673334902,377123710561,376161998830,349165858545,436591382250,509017841147,505439514078,547386645892
Solomon Islands,SLB,1307909888,1379490304,1469789119,1615478393,1619155017,1536145814,1522794913,1566360686,1660896531,1760767447
Sierra Leone,SLE,6788352975,6084297211,5749846528,6390514689,6526183564,6693888876,7173379137,7124465160,6411787856,7547843281
El Salvador,SLV,23438240000,24191430000,24979190000,26020850000,26881140000,24921190000,29043140000,31870120000,33853940000,35364960000
San Marino,SMR,1419401071,1468343140,1528620346,1655353653,1616232125,1544714493,1855396000,1831700577,,
Somalia,SOM,6152149100,6613743070,7621501710,7873440830,8655023960,8628393720,9483997390,10202767270,10968517090,12108515110
Serbia,SRB,41297410635,42225495910,45972834714,52787520249,53864693665,55874017669,66159884073,66797564758,81342660752,89083506277
Sub-Saharan Africa (excluding high income),SSA,1610309182289,1453124062366,1583630214900,1704078107124,1745254110181,1621662123503,1830970332357,1956487528375,1825737943162,1745534471319
South Sudan,SSD,11997800760,,,,,,,,,
Sub-Saharan Africa,SSF,1676330914192,1528989342277,1667076470689,1790131601908,1843035420525,1730702407679,1943719394821,2085278582815,1991638429543,1957702634760
Small states,SST,192378904291,195005480876,212648078852,229205977078,230723882097,208338277478,243009421520,269954645297,285189556483,309361541401
Sao Tome and Principe,STP,259999643,292267272.2,322002845.2,383717327.8,412976082.6,471229484.6,524402455.5,540809499.2,678976264.8,764274042.7
Suriname,SUR,5126237646,3317421648,3591679431,3996198867,4016040575,2911807496,3107923198,3791603200,3455146281,4714267822
Slovak Republic,SVK,89178548717,90347173229,95978130735,106611673365,105843498304,107732602896,120560912621,115884262198,133896931490,141775733420
Slovenia,SVN,42709468275,44290685824,48153200135,53689067640,53909922736,53384760135,61529280461,59927702746,69148468417,72485008929
Sweden,SWE,501698263621,514218206628,536083940229,551312498430,532169294166,545147614972,637186904844,579895717344,585489968189,610117791237
Eswatini,SWZ,3909281650,3724180911,4463673661,4644696656,4616996145,4120621325,4785708166,4741163885,4604172127,4891883720
Sint Maarten (Dutch part),SXM,1417888715,1427017207,1353212123,1259200447,1407880447,1236428101,1353071061,1537088715,1627776949,1735210228
Seychelles,SYC,1432403352,1568513348,1675370641,1784313927,1868690097,1382551752,1487173795,2018346589,2187379755,2167239562
Syrian Arab Republic,SYR,16466863117,12597854877,16369843352,21497782868,22583045060,12047752036,14353205678,23622827080,19993439950,
Turks and Caicos Islands,TCA,942070000,1032452000,1022365000,1314329000,1371838000,918387000,1236459000,1434119000,1638653000,1745378000
Chad,TCD,14559599500,13026289836,13349041409,15327000249,14905517743,14932897821,16871937698,17828508290,19107685021,20625711665
East Asia & Pacific (IDA & IBRD countries),TEA,13532269646654,13827143891946,15097049793765,16881313468532,17481802738366,17783399412497,21205315189717,21536968352300,21617377390319,22233410782171
Europe & Central Asia (IDA & IBRD countries),TEC,3632564157712,3490976596937,3922819871998,4091510597190,4175891551193,3916679848495,4628696552015,5263275218883,5556261013140,6097876994311
Togo,TGO,5755461035,6071170959,6387422518,7029300383,6992700101,7400284168,8342243646,8169476149,9171261838,9925732120
Thailand,THA,401296238228,413366349748,456356813537,506754208404,543976691794,500461898480,506194668790,495644697588,515906283941,526411265428
Tajikistan,TJK,8271431485,6992416097,7536402853,7764999999,8300813599,8133963551,8937805347,10713525200,12244169293,14204575549
Turkmenistan,TKM,35799714286,36169428571,37926285714,40765428571,45232857143,45818000000,50007428571,58972000000,60628857143,64239891739
Latin America & the Caribbean (IDA & IBRD countries),TLA,5196815576719,5055941096845,5633597128104,5505396811019,5413386525185,4561756343150,5313306131137,6048473378742,6804996162368,6977493595927
Timor-Leste,TLS,1590282400,1640464600,1584878400,1555988614,2032550389,2162619241,3624889673,3208593982,2079916909,1881265333
"Middle East, North Africa, Afghanistan & Pakistan (IDA & IBRD)",TMN,1766686955969,1814143960447,1841061378336,1848575675838,1802751521238,1633681676516,1897688738871,2113132495336,2021678672153,2139861115660
Tonga,TON,437525538.9,420828254.5,459976847.1,489714529.8,494197854,496856303.9,518228028.7,518180029.4,508735107,
South Asia (IDA & IBRD),TSA,2414503392484,2679313169378,3075955432872,3159841615195,3318484576527,3172770463749,3717045071833,3930640282535,4210278492153,4514924632400
Sub-Saharan Africa (IDA & IBRD countries),TSS,1676330914192,1528989342277,1667076470689,1790131601908,1843035420525,1730702407679,1943719394821,2085278582815,1991638429543,1957702634760
Trinidad and Tobago,TTO,26841143095,23624333664,23847765529,23888910152,23588037787,20991339707,24177305760,28510328245,25489373405,26428963758
Tunisia,TUN,45779494042,44360072680,42163530591,42686504460,41905642419,42491780918,47073234359,44948769171,48196281784,53409988745
Turkiye,TUR,864313810469,869682881593,858988492854,778972108041,761005915751,720338490327,819865223976,907118434654,1118252958514,1323254808059
Tuvalu,TUV,36811936.08,41629064.22,45276595.35,48015259.88,54123198.57,51746594.31,60196405.71,59065982.09,62280311.59,
Tanzania,TZA,47413919817,49774409374,53274884533,57003712892,61026731926,66068737786,70655628148,75769974505,79062403837,78779864877
Uganda,UGA,32387183730,29203988696,30744473841,32927025620,35353061008,37600368240,40529788744,45565333216,48768955859,53651874314
Ukraine,UKR,91030967789,93355869404,112090505082,130891088294,153883047510,156617722013,199765859571,161989520721,181221517869,190741263732
Upper middle income,UMC,19984582514292,20063502656404,21997494368898,23555219100370,23955467100412,23214223345859,27697767122738,28905818138526,29868066574997,30891808644564
Uruguay,URY,57680327999,57480787465,65005997963,65344577416,62222313619,53559359262,60739084241,70594110920,77991666838,80961511074
United States,USA,18295019000000,18804913000000,19612102000000,20656516000000,21539982000000,21354105000000,23681171000000,26006893000000,27720709000000,29184890000000
Uzbekistan,UZB,86196264755,86138288644,69703222283,58695899092,67293639798,66443265418,77340060003,90095926567,102641879249,114965293467
St. Vincent and the Grenadines,VCT,786555555.6,814303703.7,844040740.7,884329629.6,910481481.5,864566666.7,888677777.8,989188888.9,1072237037,1157207407
"Venezuela, RB",VEN,,,,,,,,,,
British Virgin Islands,VGB,,,,,,,,,,
Virgin Islands (U.S.),VIR,3663000000,3798000000,3794000000,3923000000,4121000000,4229000000,4507000000,4672000000,,
Viet Nam,VNM,239258328382,257096001178,281353605987,310106478395,334365270497,346615738538,366474752771,413445230669,433857681378,476388230307
Vanuatu,VUT,759690181,804323576.9,880043284.4,914727908.1,936526267.6,909421043.5,982362211.9,1030654208,1126313359,1161251868
World,WLD,75723635302572,76957345383657,81974795709110,87188987385052,88492389499432,86116567565730,98365745535038,102434886179161,106970781305675,111326370011523
Samoa,WSM,824150498.7,843924796.7,884844384.5,878448433.4,912950466.1,868898358.3,843923638.7,832945205.6,938189443.8,1068025244
Kosovo,XKX,6295848423,6682677290,7180764703,7878759715,7899737577,7717145218,9413403724,9354903062,10468220307,11148602233
"Yemen, Rep.",YEM,42444490074,31317825274,26842229045,21606160663,,,,,,
South Africa,ZAF,346709790459,323585509674,381448814653,405260723893,389330032224,337974655408,420886877629,406920004594,380699271816,400260724226
Zambia,ZMB,21251216799,20958412538,25873601261,26311507274,23308667781,18137764931,22096416932,29163782140,27577956471,26325775287
Zimbabwe,ZWE,19963058858,20548759858,51074726484,34156057417,25715657177,26868564055,27240507842,32789657378,35231369343,44187704410